,Info,Value
0,Average shortest path lenght,18.86404861237076
1,density,0.012980730468435056
